date,Daily New Tests,Total Tests,Daily new deaths,Total deaths,deaths_per_million,Tests_per_million,Daily new recovered,Total recovered
2020-03-08,9.0,120.0,0.0,0.0,0.0,0.7286444202659985,0.0,0.0
2020-03-09,7.0,127.0,0.0,0.0,0.0,0.7711486781148484,0.0,0.0
2020-03-10,10.0,137.0,0.0,0.0,0.0,0.8318690464703483,0.0,0.0
2020-03-11,10.0,147.0,0.0,0.0,0.0,0.8925894148258482,2.0,2.0
2020-03-12,16.0,163.0,0.0,0.0,0.0,0.9897420041946481,0.0,2.0
2020-03-13,24.0,187.0,0.0,0.0,0.0,1.1354708882478477,0.0,2.0
2020-03-14,24.0,211.0,0.0,0.0,0.0,1.2811997723010475,0.0,2.0
2020-03-15,30.0,241.0,0.0,0.0,0.0,1.463360877367547,0.0,2.0
2020-03-16,27.0,268.0,0.0,0.0,0.0,1.6273058719273967,1.0,3.0
2020-03-17,49.0,317.0,0.0,0.0,0.0,1.9248356768693462,0.0,3.0
2020-03-18,10.0,327.0,1.0,1.0,0.006072036835549988,1.9855560452248462,0.0,3.0
2020-03-19,46.0,373.0,0.0,1.0,0.006072036835549988,2.2648697396601456,0.0,3.0
2020-03-20,36.0,409.0,0.0,1.0,0.006072036835549988,2.483463065739945,0.0,3.0
2020-03-21,90.0,499.0,1.0,2.0,0.012144073671099976,3.0299463809394442,0.0,3.0
2020-03-22,65.0,564.0,0.0,2.0,0.012144073671099976,3.424628775250193,2.0,5.0
2020-03-23,56.0,620.0,1.0,3.0,0.018216110506649966,3.7646628380409926,0.0,5.0
2020-03-24,92.0,712.0,1.0,4.0,0.024288147342199952,4.323290226911592,0.0,5.0
2020-03-25,82.0,794.0,1.0,5.0,0.03036018417774994,4.82119724742669,0.0,5.0
2020-03-26,126.0,920.0,0.0,5.0,0.03036018417774994,5.586273888705989,6.0,11.0
2020-03-27,106.0,1026.0,0.0,5.0,0.03036018417774994,6.229909793274288,0.0,11.0
2020-03-28,50.0,1076.0,0.0,5.0,0.03036018417774994,6.533511635051787,4.0,15.0
2020-03-29,109.0,1185.0,0.0,5.0,0.03036018417774994,7.195363650126736,0.0,15.0
2020-03-30,153.0,1338.0,0.0,5.0,0.03036018417774994,8.124385285965884,4.0,19.0
2020-03-31,264.0,1602.0,0.0,5.0,0.03036018417774994,9.72740301055108,6.0,25.0
2020-04-01,157.0,1759.0,1.0,6.0,0.03643222101329993,10.680712793732429,1.0,26.0
2020-04-02,141.0,1900.0,0.0,6.0,0.03643222101329993,11.536869987544977,0.0,26.0
2020-04-03,180.0,2080.0,0.0,6.0,0.03643222101329993,12.629836617943976,0.0,26.0
2020-04-04,434.0,2514.0,2.0,8.0,0.048576294684399904,15.26510060457267,4.0,30.0
2020-04-05,367.0,2881.0,1.0,9.0,0.05464833151994989,17.493538123219516,3.0,33.0
2020-04-06,468.0,3349.0,3.0,12.0,0.07286444202659986,20.33525136225691,0.0,33.0
2020-04-07,792.0,4141.0,5.0,17.0,0.1032246262043498,25.144304536012502,0.0,33.0
2020-04-08,981.0,5122.0,3.0,20.0,0.12144073671099977,31.10097267168704,0.0,33.0
2020-04-09,905.0,6175.0,1.0,21.0,0.12751277354654975,37.494827459521176,0.0,33.0
2020-03-08,9.0,120.0,0.0,0.0,0.0,0.7286444202659985,0.0,0.0
2020-03-09,7.0,127.0,0.0,0.0,0.0,0.7711486781148484,0.0,0.0
2020-03-10,10.0,137.0,0.0,0.0,0.0,0.8318690464703483,0.0,0.0
2020-03-11,10.0,147.0,0.0,0.0,0.0,0.8925894148258482,2.0,2.0
2020-03-12,16.0,163.0,0.0,0.0,0.0,0.9897420041946481,0.0,2.0
2020-03-13,24.0,187.0,0.0,0.0,0.0,1.1354708882478477,0.0,2.0
2020-03-14,24.0,211.0,0.0,0.0,0.0,1.2811997723010475,0.0,2.0
2020-03-15,30.0,241.0,0.0,0.0,0.0,1.463360877367547,0.0,2.0
2020-03-16,27.0,268.0,0.0,0.0,0.0,1.6273058719273967,1.0,3.0
2020-03-17,49.0,317.0,0.0,0.0,0.0,1.9248356768693462,0.0,3.0
2020-03-18,10.0,327.0,1.0,1.0,0.006072036835549988,1.9855560452248462,0.0,3.0
2020-03-19,46.0,373.0,0.0,1.0,0.006072036835549988,2.2648697396601456,0.0,3.0
2020-03-20,36.0,409.0,0.0,1.0,0.006072036835549988,2.483463065739945,0.0,3.0
2020-03-21,90.0,499.0,1.0,2.0,0.012144073671099976,3.0299463809394442,0.0,3.0
2020-03-22,65.0,564.0,0.0,2.0,0.012144073671099976,3.424628775250193,2.0,5.0
2020-03-23,56.0,620.0,1.0,3.0,0.018216110506649966,3.7646628380409926,0.0,5.0
2020-03-24,92.0,712.0,1.0,4.0,0.024288147342199952,4.323290226911592,0.0,5.0
2020-03-25,82.0,794.0,1.0,5.0,0.03036018417774994,4.82119724742669,0.0,5.0
2020-03-26,126.0,920.0,0.0,5.0,0.03036018417774994,5.586273888705989,6.0,11.0
2020-03-27,106.0,1026.0,0.0,5.0,0.03036018417774994,6.229909793274288,0.0,11.0
2020-03-28,50.0,1076.0,0.0,5.0,0.03036018417774994,6.533511635051787,4.0,15.0
2020-03-29,109.0,1185.0,0.0,5.0,0.03036018417774994,7.195363650126736,0.0,15.0
2020-03-30,153.0,1338.0,0.0,5.0,0.03036018417774994,8.124385285965884,4.0,19.0
2020-03-31,264.0,1602.0,0.0,5.0,0.03036018417774994,9.72740301055108,6.0,25.0
2020-04-01,157.0,1759.0,1.0,6.0,0.03643222101329993,10.680712793732429,1.0,26.0
2020-04-02,141.0,1900.0,0.0,6.0,0.03643222101329993,11.536869987544977,0.0,26.0
2020-04-03,180.0,2080.0,0.0,6.0,0.03643222101329993,12.629836617943976,0.0,26.0
2020-04-04,434.0,2514.0,2.0,8.0,0.048576294684399904,15.26510060457267,4.0,30.0
2020-04-05,367.0,2881.0,1.0,9.0,0.05464833151994989,17.493538123219516,3.0,33.0
2020-04-06,468.0,3349.0,3.0,12.0,0.07286444202659986,20.33525136225691,0.0,33.0
2020-04-07,792.0,4141.0,5.0,17.0,0.1032246262043498,25.144304536012502,0.0,33.0
2020-04-08,981.0,5122.0,3.0,20.0,0.12144073671099977,31.10097267168704,0.0,33.0
2020-04-09,905.0,6175.0,1.0,21.0,0.12751277354654975,37.494827459521176,0.0,33.0
2020-04-10,1148.0,7359.0,6.0,27.0,0.16394499455984968,44.684119072812365,0.0,33.0
2020-04-11,954.0,8313.0,3.0,30.0,0.18216110506649963,50.47684221392705,3.0,36.0
2020-04-12,1340.0,9653.0,4.0,34.0,0.2064492524086996,58.61337157356404,3.0,39.0
2020-04-13,1570.0,11223.0,5.0,39.0,0.23680943658644954,68.14646940537752,3.0,42.0
2020-04-14,1905.0,13128.0,7.0,46.0,0.27931369443529946,79.71369957710024,0.0,42.0
2020-04-15,1740.0,14868.0,4.0,50.0,0.3036018417774994,90.27904367095722,7.0,49.0
2020-04-16,2019.0,16887.0,10.0,60.0,0.36432221013299926,102.53848604193264,0.0,49.0
2020-04-17,2190.0,19077.0,15.0,75.0,0.45540276266624913,115.83624671178713,9.0,58.0
2020-04-18,2114.0,21191.0,9.0,84.0,0.510051094186199,128.6725325821398,8.0,66.0
2020-04-19,2634.0,23825.0,7.0,91.0,0.5525553520350489,144.66627760697847,9.0,75.0
2020-04-20,2779.0,26604.0,10.0,101.0,0.6132757203905488,161.5404679729719,10.0,85.0
2020-04-21,2974.0,29578.0,9.0,110.0,0.6679240519104986,179.59870552189756,2.0,87.0
2020-04-22,3096.0,32674.0,10.0,120.0,0.7286444202659985,198.3977315647603,5.0,92.0
2020-04-23,3416.0,36090.0,7.0,127.0,0.7711486781148484,219.13980939499908,16.0,108.0
2020-04-24,3686.0,39776.0,4.0,131.0,0.7954368254570484,241.52133717083632,4.0,112.0
2020-04-25,3337.0,39427.0,9.0,140.0,0.8500851569769984,239.4021963152294,0.0,112.0
,,,,,,,,
2020-03-08,9.0,120.0,0.0,0.0,0.0,0.7286444202659985,0.0,0.0
2020-03-09,7.0,127.0,0.0,0.0,0.0,0.7711486781148484,0.0,0.0
2020-03-10,10.0,137.0,0.0,0.0,0.0,0.8318690464703483,0.0,0.0
2020-03-11,10.0,147.0,0.0,0.0,0.0,0.8925894148258482,2.0,2.0
2020-03-12,16.0,163.0,0.0,0.0,0.0,0.9897420041946481,0.0,2.0
2020-03-13,24.0,187.0,0.0,0.0,0.0,1.1354708882478477,0.0,2.0
2020-03-14,24.0,211.0,0.0,0.0,0.0,1.2811997723010475,0.0,2.0
2020-03-15,30.0,241.0,0.0,0.0,0.0,1.463360877367547,0.0,2.0
2020-03-16,27.0,268.0,0.0,0.0,0.0,1.6273058719273967,1.0,3.0
2020-03-17,49.0,317.0,0.0,0.0,0.0,1.9248356768693462,0.0,3.0
2020-03-18,10.0,327.0,1.0,1.0,0.006072036835549988,1.9855560452248462,0.0,3.0
2020-03-19,46.0,373.0,0.0,1.0,0.006072036835549988,2.2648697396601456,0.0,3.0
2020-03-20,36.0,409.0,0.0,1.0,0.006072036835549988,2.483463065739945,0.0,3.0
2020-03-21,90.0,499.0,1.0,2.0,0.012144073671099976,3.0299463809394442,0.0,3.0
2020-03-22,65.0,564.0,0.0,2.0,0.012144073671099976,3.424628775250193,2.0,5.0
2020-03-23,56.0,620.0,1.0,3.0,0.018216110506649966,3.7646628380409926,0.0,5.0
2020-03-24,92.0,712.0,1.0,4.0,0.024288147342199952,4.323290226911592,0.0,5.0
2020-03-25,82.0,794.0,1.0,5.0,0.03036018417774994,4.82119724742669,0.0,5.0
2020-03-26,126.0,920.0,0.0,5.0,0.03036018417774994,5.586273888705989,6.0,11.0
2020-03-27,106.0,1026.0,0.0,5.0,0.03036018417774994,6.229909793274288,0.0,11.0
2020-03-28,50.0,1076.0,0.0,5.0,0.03036018417774994,6.533511635051787,4.0,15.0
2020-03-29,109.0,1185.0,0.0,5.0,0.03036018417774994,7.195363650126736,0.0,15.0
2020-03-30,153.0,1338.0,0.0,5.0,0.03036018417774994,8.124385285965884,4.0,19.0
2020-03-31,264.0,1602.0,0.0,5.0,0.03036018417774994,9.72740301055108,6.0,25.0
2020-04-01,157.0,1759.0,1.0,6.0,0.03643222101329993,10.680712793732429,1.0,26.0
2020-04-02,141.0,1900.0,0.0,6.0,0.03643222101329993,11.536869987544977,0.0,26.0
2020-04-03,180.0,2080.0,0.0,6.0,0.03643222101329993,12.629836617943976,0.0,26.0
2020-04-04,434.0,2514.0,2.0,8.0,0.048576294684399904,15.26510060457267,4.0,30.0
2020-03-08,9.0,120.0,0.0,0.0,0.0,0.7286444202659985,0.0,0.0
2020-03-09,7.0,127.0,0.0,0.0,0.0,0.7711486781148484,0.0,0.0
2020-03-10,10.0,137.0,0.0,0.0,0.0,0.8318690464703483,0.0,0.0
2020-03-11,10.0,147.0,0.0,0.0,0.0,0.8925894148258482,2.0,2.0
2020-03-12,16.0,163.0,0.0,0.0,0.0,0.9897420041946481,0.0,2.0
2020-03-13,24.0,187.0,0.0,0.0,0.0,1.1354708882478477,0.0,2.0
2020-03-14,24.0,211.0,0.0,0.0,0.0,1.2811997723010475,0.0,2.0
2020-03-15,30.0,241.0,0.0,0.0,0.0,1.463360877367547,0.0,2.0
2020-03-16,27.0,268.0,0.0,0.0,0.0,1.6273058719273967,1.0,3.0
2020-03-17,49.0,317.0,0.0,0.0,0.0,1.9248356768693462,0.0,3.0
2020-03-18,10.0,327.0,1.0,1.0,0.006072036835549988,1.9855560452248462,0.0,3.0
2020-03-19,46.0,373.0,0.0,1.0,0.006072036835549988,2.2648697396601456,0.0,3.0
2020-03-20,36.0,409.0,0.0,1.0,0.006072036835549988,2.483463065739945,0.0,3.0
2020-03-21,90.0,499.0,1.0,2.0,0.012144073671099976,3.0299463809394442,0.0,3.0
2020-03-22,65.0,564.0,0.0,2.0,0.012144073671099976,3.424628775250193,2.0,5.0
2020-03-23,56.0,620.0,1.0,3.0,0.018216110506649966,3.7646628380409926,0.0,5.0
2020-03-24,92.0,712.0,1.0,4.0,0.024288147342199952,4.323290226911592,0.0,5.0
2020-03-25,82.0,794.0,1.0,5.0,0.03036018417774994,4.82119724742669,0.0,5.0
2020-03-26,126.0,920.0,0.0,5.0,0.03036018417774994,5.586273888705989,6.0,11.0
2020-03-27,106.0,1026.0,0.0,5.0,0.03036018417774994,6.229909793274288,0.0,11.0
2020-03-28,50.0,1076.0,0.0,5.0,0.03036018417774994,6.533511635051787,4.0,15.0
2020-03-29,109.0,1185.0,0.0,5.0,0.03036018417774994,7.195363650126736,0.0,15.0
2020-03-30,153.0,1338.0,0.0,5.0,0.03036018417774994,8.124385285965884,4.0,19.0
2020-03-31,264.0,1602.0,0.0,5.0,0.03036018417774994,9.72740301055108,6.0,25.0
2020-04-01,157.0,1759.0,1.0,6.0,0.03643222101329993,10.680712793732429,1.0,26.0
2020-04-02,141.0,1900.0,0.0,6.0,0.03643222101329993,11.536869987544977,0.0,26.0
2020-04-03,180.0,2080.0,0.0,6.0,0.03643222101329993,12.629836617943976,0.0,26.0
2020-04-04,434.0,2514.0,2.0,8.0,0.048576294684399904,15.26510060457267,4.0,30.0
2020-04-05,367.0,2881.0,1.0,9.0,0.05464833151994989,17.493538123219516,3.0,33.0
2020-03-08,9.0,120.0,0.0,0.0,0.0,0.7286444202659985,0.0,0.0
2020-03-09,7.0,127.0,0.0,0.0,0.0,0.7711486781148484,0.0,0.0
2020-03-10,10.0,137.0,0.0,0.0,0.0,0.8318690464703483,0.0,0.0
2020-03-11,10.0,147.0,0.0,0.0,0.0,0.8925894148258482,2.0,2.0
2020-03-12,16.0,163.0,0.0,0.0,0.0,0.9897420041946481,0.0,2.0
2020-03-13,24.0,187.0,0.0,0.0,0.0,1.1354708882478477,0.0,2.0
2020-03-14,24.0,211.0,0.0,0.0,0.0,1.2811997723010475,0.0,2.0
2020-03-15,30.0,241.0,0.0,0.0,0.0,1.463360877367547,0.0,2.0
2020-03-16,27.0,268.0,0.0,0.0,0.0,1.6273058719273967,1.0,3.0
2020-03-17,49.0,317.0,0.0,0.0,0.0,1.9248356768693462,0.0,3.0
2020-03-18,10.0,327.0,1.0,1.0,0.006072036835549988,1.9855560452248462,0.0,3.0
2020-03-19,46.0,373.0,0.0,1.0,0.006072036835549988,2.2648697396601456,0.0,3.0
2020-03-20,36.0,409.0,0.0,1.0,0.006072036835549988,2.483463065739945,0.0,3.0
2020-03-21,90.0,499.0,1.0,2.0,0.012144073671099976,3.0299463809394442,0.0,3.0
2020-03-22,65.0,564.0,0.0,2.0,0.012144073671099976,3.424628775250193,2.0,5.0
2020-03-23,56.0,620.0,1.0,3.0,0.018216110506649966,3.7646628380409926,0.0,5.0
2020-03-24,92.0,712.0,1.0,4.0,0.024288147342199952,4.323290226911592,0.0,5.0
2020-03-25,82.0,794.0,1.0,5.0,0.03036018417774994,4.82119724742669,0.0,5.0
2020-03-26,126.0,920.0,0.0,5.0,0.03036018417774994,5.586273888705989,6.0,11.0
2020-03-27,106.0,1026.0,0.0,5.0,0.03036018417774994,6.229909793274288,0.0,11.0
2020-03-28,50.0,1076.0,0.0,5.0,0.03036018417774994,6.533511635051787,4.0,15.0
2020-03-29,109.0,1185.0,0.0,5.0,0.03036018417774994,7.195363650126736,0.0,15.0
2020-03-30,153.0,1338.0,0.0,5.0,0.03036018417774994,8.124385285965884,4.0,19.0
2020-03-31,264.0,1602.0,0.0,5.0,0.03036018417774994,9.72740301055108,6.0,25.0
2020-04-01,157.0,1759.0,1.0,6.0,0.03643222101329993,10.680712793732429,1.0,26.0
2020-04-02,141.0,1900.0,0.0,6.0,0.03643222101329993,11.536869987544977,0.0,26.0
2020-04-03,180.0,2080.0,0.0,6.0,0.03643222101329993,12.629836617943976,0.0,26.0
2020-04-04,434.0,2514.0,2.0,8.0,0.048576294684399904,15.26510060457267,4.0,30.0
2020-04-05,367.0,2881.0,1.0,9.0,0.05464833151994989,17.493538123219516,3.0,33.0
2020-04-06,468.0,3349.0,3.0,12.0,0.07286444202659986,20.33525136225691,0.0,33.0
2020-04-07,792.0,4141.0,5.0,17.0,0.1032246262043498,25.144304536012502,0.0,33.0
2020-04-08,981.0,5122.0,3.0,20.0,0.12144073671099977,31.10097267168704,0.0,33.0
2020-04-09,905.0,6175.0,1.0,21.0,0.12751277354654975,37.494827459521176,0.0,33.0
2020-04-10,1148.0,7359.0,6.0,27.0,0.16394499455984968,44.684119072812365,0.0,33.0
2020-04-11,954.0,8313.0,3.0,30.0,0.18216110506649963,50.47684221392705,3.0,36.0
2020-04-12,1340.0,9653.0,4.0,34.0,0.2064492524086996,58.61337157356404,3.0,39.0
2020-04-13,1570.0,11223.0,5.0,39.0,0.23680943658644954,68.14646940537752,3.0,42.0
2020-04-14,1905.0,13128.0,7.0,46.0,0.27931369443529946,79.71369957710024,0.0,42.0
2020-04-15,1740.0,14868.0,4.0,50.0,0.3036018417774994,90.27904367095722,7.0,49.0
2020-04-16,2019.0,16887.0,10.0,60.0,0.36432221013299926,102.53848604193264,0.0,49.0
2020-04-17,2190.0,19077.0,15.0,75.0,0.45540276266624913,115.83624671178713,9.0,58.0
2020-04-18,2114.0,21191.0,9.0,84.0,0.510051094186199,128.6725325821398,8.0,66.0
2020-04-19,2634.0,23825.0,7.0,91.0,0.5525553520350489,144.66627760697847,9.0,75.0
2020-04-20,2779.0,26604.0,10.0,101.0,0.6132757203905488,161.5404679729719,10.0,85.0
2020-04-21,2974.0,29578.0,9.0,110.0,0.6679240519104986,179.59870552189756,2.0,87.0
2020-04-22,3096.0,32674.0,10.0,120.0,0.7286444202659985,198.3977315647603,5.0,92.0
2020-04-23,3416.0,36090.0,7.0,127.0,0.7711486781148484,219.13980939499908,16.0,108.0
2020-04-24,3686.0,39776.0,4.0,131.0,0.7954368254570484,241.52133717083632,4.0,112.0
2020-04-25,3337.0,43113.0,9.0,140.0,0.8500851569769984,261.78372409106663,1.0,113.0
2020-04-26,3476.0,46589.0,5.0,145.0,0.8804453411547483,282.89012413143837,9.0,122.0
2020-04-27,3812.0,50401.0,7.0,152.0,0.9229495990035982,306.03672854855495,9.0,131.0
2020-04-28,4332.0,54733.0,3.0,155.0,0.9411657095102481,332.3407921201575,8.0,139.0
2020-04-29,4968.0,59701.0,8.0,163.0,0.9897420041946481,362.5066711191698,11.0,150.0
2020-04-30,4965.0,64666.0,5.0,168.0,1.020102188372398,392.6543340076755,10.0,160.0
2020-05-01,5573.0,70239.0,2.0,170.0,1.032246262043498,426.4937952921956,14.0,174.0
2020-05-02,5827.0,76066.0,5.0,175.0,1.062606446221248,461.87555393294537,3.0,177.0
2020-05-03,5368.0,81434.0,2.0,177.0,1.074750519892348,494.4702476661777,886.0,1063.0
2020-05-04,6260.0,87694.0,5.0,182.0,1.1051107040700978,532.4811982567206,147.0,1210.0
2020-05-05,5711.0,93405.0,1.0,183.0,1.1111827409056478,567.1586006245466,193.0,1403.0
2020-03-08,9.0,120.0,0.0,0.0,0.0,0.7286444202659985,0.0,0.0
2020-03-09,7.0,127.0,0.0,0.0,0.0,0.7711486781148484,0.0,0.0
2020-03-10,10.0,137.0,0.0,0.0,0.0,0.8318690464703483,0.0,0.0
2020-03-11,10.0,147.0,0.0,0.0,0.0,0.8925894148258482,2.0,2.0
2020-03-12,16.0,163.0,0.0,0.0,0.0,0.9897420041946481,0.0,2.0
2020-03-13,24.0,187.0,0.0,0.0,0.0,1.1354708882478477,0.0,2.0
2020-03-14,24.0,211.0,0.0,0.0,0.0,1.2811997723010475,0.0,2.0
2020-03-15,30.0,241.0,0.0,0.0,0.0,1.463360877367547,0.0,2.0
2020-03-16,27.0,268.0,0.0,0.0,0.0,1.6273058719273967,1.0,3.0
2020-03-17,49.0,317.0,0.0,0.0,0.0,1.9248356768693462,0.0,3.0
2020-03-18,10.0,327.0,1.0,1.0,0.006072036835549988,1.9855560452248462,0.0,3.0
2020-03-19,46.0,373.0,0.0,1.0,0.006072036835549988,2.2648697396601456,0.0,3.0
2020-03-20,36.0,409.0,0.0,1.0,0.006072036835549988,2.483463065739945,0.0,3.0
2020-03-21,90.0,499.0,1.0,2.0,0.012144073671099976,3.0299463809394442,0.0,3.0
2020-03-22,65.0,564.0,0.0,2.0,0.012144073671099976,3.424628775250193,2.0,5.0
2020-03-23,56.0,620.0,1.0,3.0,0.018216110506649966,3.7646628380409926,0.0,5.0
2020-03-24,92.0,712.0,1.0,4.0,0.024288147342199952,4.323290226911592,0.0,5.0
2020-03-25,82.0,794.0,1.0,5.0,0.03036018417774994,4.82119724742669,0.0,5.0
2020-03-26,126.0,920.0,0.0,5.0,0.03036018417774994,5.586273888705989,6.0,11.0
2020-03-27,106.0,1026.0,0.0,5.0,0.03036018417774994,6.229909793274288,0.0,11.0
2020-03-28,50.0,1076.0,0.0,5.0,0.03036018417774994,6.533511635051787,4.0,15.0
2020-03-29,109.0,1185.0,0.0,5.0,0.03036018417774994,7.195363650126736,0.0,15.0
2020-03-30,153.0,1338.0,0.0,5.0,0.03036018417774994,8.124385285965884,4.0,19.0
2020-03-31,264.0,1602.0,0.0,5.0,0.03036018417774994,9.72740301055108,6.0,25.0
2020-04-01,157.0,1759.0,1.0,6.0,0.03643222101329993,10.680712793732429,1.0,26.0
2020-04-02,141.0,1900.0,0.0,6.0,0.03643222101329993,11.536869987544977,0.0,26.0
2020-04-03,180.0,2080.0,0.0,6.0,0.03643222101329993,12.629836617943976,0.0,26.0
2020-04-04,434.0,2514.0,2.0,8.0,0.048576294684399904,15.26510060457267,4.0,30.0
2020-04-05,367.0,2881.0,1.0,9.0,0.05464833151994989,17.493538123219516,3.0,33.0
2020-04-06,468.0,3349.0,3.0,12.0,0.07286444202659986,20.33525136225691,0.0,33.0
2020-03-08,9.0,120.0,0.0,0.0,0.0,0.7286444202659985,0.0,0.0
2020-03-09,7.0,127.0,0.0,0.0,0.0,0.7711486781148484,0.0,0.0
2020-03-10,10.0,137.0,0.0,0.0,0.0,0.8318690464703483,0.0,0.0
2020-03-11,10.0,147.0,0.0,0.0,0.0,0.8925894148258482,2.0,2.0
2020-03-12,16.0,163.0,0.0,0.0,0.0,0.9897420041946481,0.0,2.0
2020-03-13,24.0,187.0,0.0,0.0,0.0,1.1354708882478477,0.0,2.0
2020-03-14,24.0,211.0,0.0,0.0,0.0,1.2811997723010475,0.0,2.0
2020-03-15,30.0,241.0,0.0,0.0,0.0,1.463360877367547,0.0,2.0
2020-03-16,27.0,268.0,0.0,0.0,0.0,1.6273058719273967,1.0,3.0
2020-03-17,49.0,317.0,0.0,0.0,0.0,1.9248356768693462,0.0,3.0
2020-03-18,10.0,327.0,1.0,1.0,0.006072036835549988,1.9855560452248462,0.0,3.0
2020-03-19,46.0,373.0,0.0,1.0,0.006072036835549988,2.2648697396601456,0.0,3.0
2020-03-20,36.0,409.0,0.0,1.0,0.006072036835549988,2.483463065739945,0.0,3.0
2020-03-21,90.0,499.0,1.0,2.0,0.012144073671099976,3.0299463809394442,0.0,3.0
2020-03-22,65.0,564.0,0.0,2.0,0.012144073671099976,3.424628775250193,2.0,5.0
2020-03-23,56.0,620.0,1.0,3.0,0.018216110506649966,3.7646628380409926,0.0,5.0
2020-03-24,92.0,712.0,1.0,4.0,0.024288147342199952,4.323290226911592,0.0,5.0
2020-03-25,82.0,794.0,1.0,5.0,0.03036018417774994,4.82119724742669,0.0,5.0
2020-03-26,126.0,920.0,0.0,5.0,0.03036018417774994,5.586273888705989,6.0,11.0
2020-03-27,106.0,1026.0,0.0,5.0,0.03036018417774994,6.229909793274288,0.0,11.0
2020-03-28,50.0,1076.0,0.0,5.0,0.03036018417774994,6.533511635051787,4.0,15.0
2020-03-29,109.0,1185.0,0.0,5.0,0.03036018417774994,7.195363650126736,0.0,15.0
2020-03-30,153.0,1338.0,0.0,5.0,0.03036018417774994,8.124385285965884,4.0,19.0
2020-03-31,264.0,1602.0,0.0,5.0,0.03036018417774994,9.72740301055108,6.0,25.0
2020-04-01,157.0,1759.0,1.0,6.0,0.03643222101329993,10.680712793732429,1.0,26.0
2020-04-02,141.0,1900.0,0.0,6.0,0.03643222101329993,11.536869987544977,0.0,26.0
2020-04-03,180.0,2080.0,0.0,6.0,0.03643222101329993,12.629836617943976,0.0,26.0
2020-04-04,434.0,2514.0,2.0,8.0,0.048576294684399904,15.26510060457267,4.0,30.0
2020-04-05,367.0,2881.0,1.0,9.0,0.05464833151994989,17.493538123219516,3.0,33.0
2020-04-06,468.0,3349.0,3.0,12.0,0.07286444202659986,20.33525136225691,0.0,33.0
2020-04-07,792.0,4141.0,5.0,17.0,0.1032246262043498,25.144304536012502,0.0,33.0
2020-03-08,9.0,120.0,0.0,0.0,0.0,0.7286444202659985,0.0,0.0
2020-03-09,7.0,127.0,0.0,0.0,0.0,0.7711486781148484,0.0,0.0
2020-03-10,10.0,137.0,0.0,0.0,0.0,0.8318690464703483,0.0,0.0
2020-03-11,10.0,147.0,0.0,0.0,0.0,0.8925894148258482,2.0,2.0
2020-03-12,16.0,163.0,0.0,0.0,0.0,0.9897420041946481,0.0,2.0
2020-03-13,24.0,187.0,0.0,0.0,0.0,1.1354708882478477,0.0,2.0
2020-03-14,24.0,211.0,0.0,0.0,0.0,1.2811997723010475,0.0,2.0
2020-03-15,30.0,241.0,0.0,0.0,0.0,1.463360877367547,0.0,2.0
2020-03-16,27.0,268.0,0.0,0.0,0.0,1.6273058719273967,1.0,3.0
2020-03-17,49.0,317.0,0.0,0.0,0.0,1.9248356768693462,0.0,3.0
2020-03-18,10.0,327.0,1.0,1.0,0.006072036835549988,1.9855560452248462,0.0,3.0
2020-03-19,46.0,373.0,0.0,1.0,0.006072036835549988,2.2648697396601456,0.0,3.0
2020-03-20,36.0,409.0,0.0,1.0,0.006072036835549988,2.483463065739945,0.0,3.0
2020-03-21,90.0,499.0,1.0,2.0,0.012144073671099976,3.0299463809394442,0.0,3.0
2020-03-22,65.0,564.0,0.0,2.0,0.012144073671099976,3.424628775250193,2.0,5.0
2020-03-23,56.0,620.0,1.0,3.0,0.018216110506649966,3.7646628380409926,0.0,5.0
2020-03-24,92.0,712.0,1.0,4.0,0.024288147342199952,4.323290226911592,0.0,5.0
2020-03-25,82.0,794.0,1.0,5.0,0.03036018417774994,4.82119724742669,0.0,5.0
2020-03-26,126.0,920.0,0.0,5.0,0.03036018417774994,5.586273888705989,6.0,11.0
2020-03-27,106.0,1026.0,0.0,5.0,0.03036018417774994,6.229909793274288,0.0,11.0
2020-03-28,50.0,1076.0,0.0,5.0,0.03036018417774994,6.533511635051787,4.0,15.0
2020-03-29,109.0,1185.0,0.0,5.0,0.03036018417774994,7.195363650126736,0.0,15.0
2020-03-30,153.0,1338.0,0.0,5.0,0.03036018417774994,8.124385285965884,4.0,19.0
2020-03-31,264.0,1602.0,0.0,5.0,0.03036018417774994,9.72740301055108,6.0,25.0
2020-04-01,157.0,1759.0,1.0,6.0,0.03643222101329993,10.680712793732429,1.0,26.0
2020-04-02,141.0,1900.0,0.0,6.0,0.03643222101329993,11.536869987544977,0.0,26.0
2020-04-03,180.0,2080.0,0.0,6.0,0.03643222101329993,12.629836617943976,0.0,26.0
2020-04-04,434.0,2514.0,2.0,8.0,0.048576294684399904,15.26510060457267,4.0,30.0
2020-04-05,367.0,2881.0,1.0,9.0,0.05464833151994989,17.493538123219516,3.0,33.0
2020-04-06,468.0,3349.0,3.0,12.0,0.07286444202659986,20.33525136225691,0.0,33.0
2020-04-07,792.0,4141.0,5.0,17.0,0.1032246262043498,25.144304536012502,0.0,33.0
2020-04-08,981.0,5122.0,3.0,20.0,0.12144073671099977,31.10097267168704,0.0,33.0
2020-03-08,9.0,120.0,0.0,0.0,0.0,0.7286444202659985,0.0,0.0
2020-03-09,7.0,127.0,0.0,0.0,0.0,0.7711486781148484,0.0,0.0
2020-03-10,10.0,137.0,0.0,0.0,0.0,0.8318690464703483,0.0,0.0
2020-03-11,10.0,147.0,0.0,0.0,0.0,0.8925894148258482,2.0,2.0
2020-03-12,16.0,163.0,0.0,0.0,0.0,0.9897420041946481,0.0,2.0
2020-03-13,24.0,187.0,0.0,0.0,0.0,1.1354708882478477,0.0,2.0
2020-03-14,24.0,211.0,0.0,0.0,0.0,1.2811997723010475,0.0,2.0
2020-03-15,30.0,241.0,0.0,0.0,0.0,1.463360877367547,0.0,2.0
2020-03-16,27.0,268.0,0.0,0.0,0.0,1.6273058719273967,1.0,3.0
2020-03-17,49.0,317.0,0.0,0.0,0.0,1.9248356768693462,0.0,3.0
2020-03-18,10.0,327.0,1.0,1.0,0.006072036835549988,1.9855560452248462,0.0,3.0
2020-03-19,46.0,373.0,0.0,1.0,0.006072036835549988,2.2648697396601456,0.0,3.0
2020-03-20,36.0,409.0,0.0,1.0,0.006072036835549988,2.483463065739945,0.0,3.0
2020-03-21,90.0,499.0,1.0,2.0,0.012144073671099976,3.0299463809394442,0.0,3.0
2020-03-22,65.0,564.0,0.0,2.0,0.012144073671099976,3.424628775250193,2.0,5.0
2020-03-23,56.0,620.0,1.0,3.0,0.018216110506649966,3.7646628380409926,0.0,5.0
2020-03-24,92.0,712.0,1.0,4.0,0.024288147342199952,4.323290226911592,0.0,5.0
2020-03-25,82.0,794.0,1.0,5.0,0.03036018417774994,4.82119724742669,0.0,5.0
2020-03-26,126.0,920.0,0.0,5.0,0.03036018417774994,5.586273888705989,6.0,11.0
2020-03-27,106.0,1026.0,0.0,5.0,0.03036018417774994,6.229909793274288,0.0,11.0
2020-03-28,50.0,1076.0,0.0,5.0,0.03036018417774994,6.533511635051787,4.0,15.0
2020-03-29,109.0,1185.0,0.0,5.0,0.03036018417774994,7.195363650126736,0.0,15.0
2020-03-30,153.0,1338.0,0.0,5.0,0.03036018417774994,8.124385285965884,4.0,19.0
2020-03-31,264.0,1602.0,0.0,5.0,0.03036018417774994,9.72740301055108,6.0,25.0
2020-04-01,157.0,1759.0,1.0,6.0,0.03643222101329993,10.680712793732429,1.0,26.0
2020-04-02,141.0,1900.0,0.0,6.0,0.03643222101329993,11.536869987544977,0.0,26.0
2020-04-03,180.0,2080.0,0.0,6.0,0.03643222101329993,12.629836617943976,0.0,26.0
2020-04-04,434.0,2514.0,2.0,8.0,0.048576294684399904,15.26510060457267,4.0,30.0
2020-04-05,367.0,2881.0,1.0,9.0,0.05464833151994989,17.493538123219516,3.0,33.0
2020-04-06,468.0,3349.0,3.0,12.0,0.07286444202659986,20.33525136225691,0.0,33.0
2020-04-07,792.0,4141.0,5.0,17.0,0.1032246262043498,25.144304536012502,0.0,33.0
2020-04-08,981.0,5122.0,3.0,20.0,0.12144073671099977,31.10097267168704,0.0,33.0
2020-04-09,905.0,6175.0,1.0,21.0,0.12751277354654975,37.494827459521176,0.0,33.0
2020-04-10,1148.0,7359.0,6.0,27.0,0.16394499455984968,44.684119072812365,0.0,33.0
